full_name,age,minutes_played_overall,appearances_overall,goals_overall,assists_overall,penalty_goals,penalty_misses,yellow_cards_overall,red_cards_overall,goals_involved_per_90_overall,assists_per_90_overall,goals_per_90_overall,min_per_goal_overall,cards_per_90_overall,min_per_match,min_per_assist_overall,rank_in_league_top_attackers,target_attribute
Aaron Cresswell,32,1589,20,0,1,0,0,1,0,0.06,0.06,0,0,0.06,79,1589,290,0
Aaron Lennon,35,1217,16,1,1,0,0,1,0,0.15,0.07,0.07,1217,0.07,76,1217,196,1
Aaron Mooy,31,2327,29,1,1,1,0,4,0,0.15,0.04,0.12,776,0.15,80,2327,144,2
Aaron Ramsey,31,1327,28,2,6,0,0,0,0,0.68,0.41,0.27,332,0,47,221,69,2
Aaron Rowe,22,69,2,0,0,0,0,0,0,0,0,0,0,0,35,0,-1,0
Aaron Wan-Bissaka,24,3135,35,0,3,0,0,5,1,0.09,0.09,0,0,0.17,90,1045,312,0
Abdelhamid Sabiri,25,49,2,0,0,0,0,0,0,0,0,0,0,0,25,0,-1,0
Abdoulaye Doucouré,29,3062,35,3,6,0,0,7,0,0.32,0.18,0.15,612,0.21,87,510,124,2
Aboubakar Kamara,27,687,13,1,0,1,1,2,0,0.39,0,0.39,229,0.26,53,0,38,2
Adam David Lallana,34,465,13,0,0,0,0,1,0,0,0,0,0,0.19,36,0,379,0
Adam Masina,28,1003,14,0,1,0,0,5,0,0.09,0.09,0,0,0.45,72,1003,397,0
Adam Smith,31,2073,25,1,1,0,0,6,1,0.09,0.04,0.04,2073,0.3,83,2073,227,1
Adama Diakhaby,26,551,12,0,0,0,0,1,0,0,0,0,0,0.16,46,0,332,0
Adama Traoré Diarra,26,890,29,0,1,0,0,1,0,0.2,0.1,0.1,890,0.1,31,890,160,0
Ademola Lookman,24,601,21,0,2,0,0,0,0,0.3,0.3,0,0,0,29,301,292,0
Adrian Mariappa,35,1921,26,0,0,0,0,3,0,0,0,0,0,0.14,74,0,396,0
Adrián San Miguel del Castillo,35,0,0,0,0,0,0,0,0,0,0,0,0,0,0,0,-1,0
Adrien Sebastian Perruchet Silva,33,88,2,0,0,0,0,0,0,0,0,0,0,0,44,0,-1,0
Ainsley Maitland-Niles,25,985,16,0,1,0,0,3,1,0.18,0.09,0.09,985,0.27,62,985,174,0
Alberto Moreno,30,155,2,0,0,0,0,0,0,0,0,0,0,0,78,0,-1,0
Aleksandar Mitrović,27,3282,37,8,3,1,0,7,0,0.38,0.08,0.3,298,0.19,89,1094,62,2
Alex Iwobi,26,1972,35,1,6,0,0,0,0,0.41,0.27,0.14,657,0,56,329,128,1
Alex McCarthy,32,2250,25,0,0,0,0,1,0,0,0,0,0,0.04,90,0,372,0
Alex Oxlade-Chamberlain,29,19,2,0,0,0,0,0,0,0,0,0,0,0,10,0,-1,0
Alex Pritchard,29,2092,30,1,0,0,0,2,0,0.09,0,0.09,1046,0.09,70,0,171,2
Alex Smithies,32,0,0,0,0,0,0,0,0,0,0,0,0,0,0,0,-1,0
Alexander Sørloth,26,173,12,0,0,0,0,0,0,0,0,0,0,0,14,0,-1,0
Alexandre Lacazette,31,2503,35,9,8,0,0,2,0,0.76,0.29,0.47,193,0.07,72,313,21,2
Alexandre Nascimento Costa Silva,25,17,1,0,0,0,0,0,0,0,0,0,0,0,17,0,-1,0
Alexis Sanchez,33,877,20,1,3,0,0,3,0,0.41,0.31,0.1,877,0.31,44,292,166,1
Alfie Jones,24,0,0,0,0,0,0,0,0,0,0,0,0,0,0,0,-1,0
Alfie Mawson,28,1131,15,0,0,0,0,2,0,0,0,0,0,0.16,75,0,307,0
Alfie Whiteman,23,0,0,0,0,0,0,0,0,0,0,0,0,0,0,0,-1,0
Ali Koiki,22,0,0,0,0,0,0,0,0,0,0,0,0,0,0,0,-1,0
Alireza Jahanbakhsh,29,1022,19,0,0,0,0,2,0,0,0,0,0,0.18,54,0,403,0
Alisson Becker,29,3420,38,0,0,0,0,1,0,0,0,0,0,0.03,90,0,417,0
Alvaro Morata,29,943,16,3,0,0,0,3,0,0.48,0,0.48,189,0.29,59,0,20,2
Ander Herrera,33,1404,22,0,3,0,0,4,0,0.32,0.19,0.13,702,0.26,64,468,134,1
André Filipe Tavares Gomes,29,1986,27,1,1,0,0,7,0,0.09,0.05,0.05,1986,0.32,74,1986,220,0
Andre Gray,31,1358,29,5,2,0,0,2,0,0.6,0.13,0.46,194,0.13,47,679,25,2
André Schürrle,31,1650,24,3,0,0,0,2,0,0.33,0,0.33,275,0.11,69,0,54,2
André-Frank Zambo Anguissa,26,1518,22,0,0,0,0,3,1,0,0,0,0,0.18,69,0,288,0
Andreas Christensen,26,615,8,0,0,0,0,1,0,0,0,0,0,0.15,77,0,338,0
Andreas Pereira,26,595,15,1,1,0,0,5,0,0.3,0.15,0.15,595,0.76,40,595,117,0
Andrew Robertson,28,3219,36,0,11,0,0,4,0,0.31,0.31,0,0,0.11,89,293,418,0
Andrew Surman,36,1438,18,0,0,0,0,2,0,0,0,0,0,0.13,80,0,359,0
Andriy Yarmolenko,32,459,9,0,0,0,0,2,0,0.39,0,0.39,230,0.39,51,0,36,1
Andros Townsend,31,3018,38,2,4,0,0,1,0,0.3,0.12,0.18,503,0.03,79,755,102,2
Andy Carroll,33,454,12,0,0,0,0,2,0,0,0,0,0,0.4,38,0,270,0
Angel Gomes,22,25,2,0,0,0,0,0,0,0,0,0,0,0,13,0,-1,0
Angelo Ogbonna,34,1870,24,1,1,0,0,2,0,0.1,0.05,0.05,1870,0.1,78,1870,226,0
Angus Gunn,26,1080,12,0,0,0,0,0,0,0,0,0,0,0,90,0,376,0
Anthony Driscoll-Glennon,22,0,0,0,0,0,0,0,0,0,0,0,0,0,0,0,-1,0
Anthony Knockaert,30,1832,30,1,6,0,0,5,1,0.39,0.29,0.1,916,0.29,61,305,159,1
Anthony Martial,26,1623,27,4,2,1,0,2,0,0.67,0.11,0.55,162,0.11,60,812,13,2
Antonio Barreca,27,4,1,0,0,0,0,0,0,0,0,0,0,0,4,0,-1,0
Antonio Rüdiger,29,2874,33,1,0,0,0,7,0,0.03,0,0.03,2874,0.22,87,0,259,0
Antonio Valencia,37,466,6,0,0,0,0,2,0,0,0,0,0,0.39,78,0,300,0
Arijanet Muric,23,0,0,0,0,0,0,0,0,0,0,0,0,0,0,0,-1,0
Aron Einar Gunnarsson,33,2274,28,1,1,0,0,5,0,0.08,0.04,0.04,2274,0.2,81,2274,232,1
Arthur Masuaku,28,1756,23,0,1,0,0,2,0,0.05,0.05,0,0,0.1,76,1756,368,0
Artur Boruc,42,1080,12,0,0,0,0,2,0,0,0,0,0,0.17,90,0,361,0
Ashley Barnes,32,2400,37,6,2,2,0,8,0,0.53,0.08,0.45,200,0.3,65,1200,27,2
Ashley Westwood,32,2822,34,0,7,0,0,5,0,0.29,0.22,0.06,1411,0.16,83,403,212,1
Ashley Young,37,2568,30,1,2,0,0,10,1,0.14,0.07,0.07,1284,0.35,86,1284,195,1
Asmir Begović,35,2160,24,0,0,0,0,0,0,0,0,0,0,0,90,0,358,0
Aymeric Laporte,28,3057,35,0,3,0,0,3,0,0.18,0.09,0.09,1019,0.09,87,1019,176,1
Ayoze Perez,29,2929,37,9,2,0,0,2,0,0.43,0.06,0.37,244,0.06,79,1465,44,2
Bakary Sako,34,25,4,0,0,0,0,0,0,0,0,0,0,0,6,0,-1,0
Ben Chilwell,25,3240,36,0,4,0,0,4,0,0.11,0.11,0,0,0.11,90,810,344,0
Ben Davies,29,1839,27,0,0,0,0,2,0,0,0,0,0,0.1,68,0,353,0
Ben Foster,39,3420,38,0,0,0,0,1,0,0,0,0,0,0.03,90,0,365,0
Ben Gibson,29,63,1,1,0,0,0,1,0,1.43,0,1.43,63,1.43,63,0,-1,1
Ben Hamer,34,553,7,0,0,0,0,0,0,0,0,0,0,0,79,0,327,0
Ben Mee,32,3420,38,0,2,0,0,9,0,0.05,0.05,0,0,0.24,90,1710,380,0
Ben White,24,0,0,0,0,0,0,0,0,0,0,0,0,0,0,0,-1,0
Ben Wilmot,22,26,2,0,0,0,0,0,0,0,0,0,0,0,13,0,-1,0
Benjamin Johnson,22,63,1,0,0,0,0,0,0,0,0,0,0,0,63,0,-1,0
Benjamin Mendy,28,900,10,0,5,0,0,1,0,0.5,0.5,0,0,0.1,90,180,311,0
Beram Kayal,34,934,18,0,1,0,0,4,0,0.19,0.1,0.1,934,0.39,52,934,163,1
Bernard Anício Caldeira Duarte,30,2128,34,0,3,0,0,5,0,0.17,0.13,0.04,2128,0.21,63,709,243,0
Bernardo,27,1750,22,0,1,0,0,4,0,0.05,0.05,0,0,0.21,80,1750,400,0
Bernardo Silva,28,2853,36,2,7,0,0,3,0,0.44,0.22,0.22,408,0.09,79,408,85,2
Bernd Leno,30,2835,32,0,0,0,0,0,0,0,0,0,0,0,89,0,390,0
Bobby Reid,29,1422,27,4,2,1,0,0,0,0.44,0.13,0.32,284,0,53,711,55,2
Brian Murphy,39,0,0,0,0,0,0,0,0,0,0,0,0,0,0,0,-1,0
Bright Enobakhare,24,0,0,0,0,0,0,0,0,0,0,0,0,0,0,0,-1,0
Bruno Écuélé Manga,34,3375,38,0,1,0,0,0,0,0.03,0.03,0,0,0,89,3375,337,0
Bruno Saltor Grau,41,1136,14,0,1,0,0,2,0,0.08,0.08,0,0,0.16,81,1136,399,0
Caglar Söyüncü,26,371,6,0,0,0,0,1,0,0,0,0,0,0.24,62,0,267,0
Callum Hudson-Odoi,21,391,10,0,1,0,0,0,0,0.23,0.23,0,0,0,39,391,277,0
Callum Paterson,27,1996,27,3,1,0,0,4,0,0.23,0.05,0.18,499,0.18,74,1996,108,2
Callum Roberts,25,0,0,0,0,0,0,0,0,0,0,0,0,0,0,0,-1,0
Callum Slattery,23,110,3,0,0,0,0,0,0,0,0,0,0,0,37,0,-1,0
Callum Wilson,30,2535,30,5,9,1,1,3,0,0.82,0.32,0.5,181,0.11,85,282,17,2
Calum Chambers,27,2587,31,2,0,0,0,9,0,0.07,0,0.07,1294,0.31,83,0,198,2
Cameron John,23,0,0,0,0,0,0,0,0,0,0,0,0,0,0,0,-1,0
Carl Jenkinson,30,166,3,0,0,0,0,0,0,0,0,0,0,0,55,0,-1,0
Carlos Sánchez,36,240,7,0,0,0,0,0,0,0,0,0,0,0,34,0,-1,0
Cedric Soares,31,1494,18,1,2,0,0,4,0,0.18,0.12,0.06,1494,0.24,83,747,204,0
Cenk Tosun,31,1050,25,2,3,0,0,3,0,0.51,0.26,0.26,350,0.26,42,350,74,1
Cesar Azpilicueta,33,3403,38,0,5,0,0,4,0,0.16,0.13,0.03,3403,0.11,90,681,260,0
Cesc Fabregas,35,175,6,0,0,0,0,1,0,0,0,0,0,0.51,29,0,-1,0
Charlie Austin,33,980,25,1,2,0,1,1,0,0.37,0.18,0.18,490,0.09,39,490,105,1
Charlie Daniels,36,1583,21,1,0,0,0,4,0,0.06,0,0.06,1583,0.23,75,0,208,0
Charlie Taylor,28,3240,38,0,1,0,0,2,0,0.03,0.03,0,0,0.06,85,3240,381,0
Cheikhou Kouyaté,32,1897,31,0,2,0,0,3,0,0.09,0.09,0,0,0.14,61,949,323,0
Chris Löwe,33,2056,29,0,2,0,0,2,0,0.09,0.09,0,0,0.09,71,1028,328,0
Chris Mepham,24,849,13,0,1,0,0,1,0,0.11,0.11,0,0,0.11,65,849,279,0
Chris Smalling,32,2128,24,0,0,0,0,1,0,0.04,0,0.04,2128,0.04,89,0,246,0
Chris Wood,30,2582,38,4,2,0,0,2,0,0.42,0.07,0.35,258,0.07,68,1291,50,2
Christian Atsu Twasam,30,1487,28,1,0,0,0,2,0,0.06,0,0.06,1487,0.12,53,0,206,1
Christian Benteke,31,813,16,0,1,0,0,1,0,0.22,0.11,0.11,813,0.11,51,813,149,1
Christian Eriksen,30,2772,35,6,12,0,0,3,0,0.65,0.39,0.26,347,0.1,79,231,76,2
Christian Fuchs,36,206,3,0,0,0,0,0,0,0,0,0,0,0,69,0,-1,0
Christian Kabasele,31,1587,21,0,0,0,0,4,1,0,0,0,0,0.23,76,0,393,0
Christopher Schindler,32,3262,37,0,0,0,0,6,1,0.03,0,0.03,3262,0.17,88,0,252,1
Ciaran Clark,32,857,11,1,0,0,0,1,0,0.32,0,0.32,286,0.11,78,0,56,2
Claudio Andrés Bravo Muñoz,39,0,0,0,0,0,0,0,0,0,0,0,0,0,0,0,-1,0
Collin Quaner,31,37,2,0,0,0,0,0,0,0,0,0,0,0,19,0,-1,0
Connor Wickham,29,61,6,0,1,0,0,0,0,1.48,1.48,0,0,0,10,61,-1,0
Conor Coady,29,3420,38,0,0,0,0,5,0,0,0,0,0,0.13,90,0,394,0
Conor Coventry,22,0,0,0,0,0,0,0,0,0,0,0,0,0,0,0,-1,0
Craig Cathcart,33,3099,36,1,0,0,0,2,0,0.09,0,0.09,1033,0.06,86,0,177,1
Curtis Jones,21,0,0,0,0,0,0,0,0,0,0,0,0,0,0,0,-1,0
Cyrus Christie,29,1943,28,0,1,0,0,7,0,0.05,0.05,0,0,0.32,69,1943,315,0
Dale Stephens,33,2487,30,0,1,0,0,7,1,0.07,0.04,0.04,2487,0.29,83,2487,247,1
Damián Emiliano Martínez,30,0,0,0,0,0,0,0,0,0,0,0,0,0,0,0,-1,0
Dan Burn,30,0,0,0,0,0,0,0,0,0,0,0,0,0,0,0,-1,0
Dan Gosling,32,1737,25,0,1,0,0,8,0,0.16,0.05,0.1,869,0.41,69,1737,158,1
Daniel Amartey,27,640,9,0,0,0,0,2,0,0,0,0,0,0.28,71,0,343,0
Daniel Sturridge,33,496,18,1,1,0,0,1,0,0.54,0.18,0.36,248,0.18,28,496,48,1
Daniel William John Ings,30,1668,24,3,3,3,0,1,0,0.54,0.16,0.38,238,0.05,70,556,39,2
Daniel Williams,33,93,5,0,0,0,0,1,0,0,0,0,0,0.97,19,0,-1,0
Danilo,31,806,11,0,0,0,0,1,0,0.11,0,0.11,806,0.11,73,0,151,0
Danny Drinkwater,32,0,0,0,0,0,0,0,0,0,0,0,0,0,0,0,-1,0
Danny Rose,32,1806,26,0,3,0,0,5,0,0.15,0.15,0,0,0.25,69,602,287,0
Danny Simpson,35,291,6,0,0,0,0,0,0,0,0,0,0,0,49,0,269,0
Danny Ward,29,0,0,0,0,0,0,0,0,0,0,0,0,0,0,0,-1,0
Danny Ward,31,440,14,1,0,0,0,0,0,0.2,0,0.2,440,0,31,0,94,1
Danny Welbeck,31,147,8,1,1,0,0,0,0,1.22,0.61,0.61,147,0,18,147,-1,0
Daryl Janmaat,33,1521,18,0,2,0,0,3,0,0.12,0.12,0,0,0.18,85,761,395,0
David Brooks,25,2278,30,4,5,0,0,3,0,0.47,0.2,0.28,325,0.12,76,456,68,2
David Button,33,360,4,0,0,0,0,0,0,0,0,0,0,0,90,0,404,0
David de Gea,31,3420,38,0,0,0,0,1,0,0,0,0,0,0.03,90,0,310,0
David Junior Hoilett,32,2142,32,2,1,0,0,4,0,0.17,0.04,0.13,714,0.17,67,2142,137,1
David Luiz,35,3239,36,3,2,0,0,3,0,0.14,0.06,0.08,1080,0.08,90,1620,186,1
David Silva,36,2411,33,4,8,0,0,3,0,0.52,0.3,0.22,402,0.11,73,301,88,1
Davide Zappacosta,30,125,4,0,0,0,0,0,0,0,0,0,0,0,31,0,-1,0
Davinson Sánchez Mina,26,1943,23,1,1,0,0,2,0,0.09,0.05,0.05,1943,0.09,84,1943,221,0
Davy Pröpper,31,2551,30,0,1,0,0,2,0,0.07,0.04,0.04,2551,0.07,85,2551,241,1
DeAndre Yedlin,29,2475,29,0,2,0,0,7,1,0.11,0.07,0.04,2475,0.29,85,1238,237,0
Declan Rice,23,3005,34,2,0,0,0,4,0,0.06,0,0.06,1503,0.12,88,0,210,1
Dejan Lovren,33,985,13,1,0,0,0,1,0,0.09,0,0.09,985,0.09,76,0,173,0
Dele Alli,26,1827,25,1,3,0,0,4,0,0.39,0.15,0.25,365,0.2,73,609,82,2
Demarai Gray,26,1992,34,1,1,0,0,2,0,0.23,0.05,0.18,498,0.09,59,1992,103,2
Demeaco Duhaney,23,46,1,0,0,0,0,0,0,0,0,0,0,0,46,0,-1,0
Denis Odoi,34,2593,31,0,1,0,0,4,0,0.03,0.03,0,0,0.14,84,2593,286,0
Denis Suárez,28,67,4,0,0,0,0,0,0,0,0,0,0,0,17,0,-1,0
Diego Rico,29,607,12,0,0,0,0,1,0,0,0,0,0,0.15,51,0,306,0
Diogo José Teixeira da Silva,25,2371,33,7,5,0,0,11,0,0.53,0.19,0.34,263,0.42,72,474,52,2
Divock Origi,27,366,12,2,1,0,0,0,0,0.98,0.25,0.74,122,0,31,366,2,1
Domingos Quina,22,335,8,1,0,0,0,0,0,0.27,0,0.27,335,0,42,0,72,0
Dominic Calvert-Lewin,25,1774,35,3,2,0,0,3,0,0.41,0.1,0.3,296,0.15,51,887,65,2
Dominic Solanke,25,341,10,0,1,0,0,0,0,0.26,0.26,0,0,0,34,341,280,0
Dwight McNeil,22,1599,21,3,5,0,0,2,0,0.45,0.28,0.17,533,0.11,76,320,112,1
Eden Hazard,31,2926,37,11,15,4,0,2,0,0.95,0.46,0.49,183,0.06,79,195,18,2
Ederson,29,3420,38,0,1,0,0,2,0,0.03,0.03,0,0,0.05,90,3420,366,0
Edward Nketiah,23,62,5,0,0,0,0,0,0,1.45,0,1.45,62,0,12,0,-1,0
Elias Kachunga,30,1181,20,0,0,0,0,2,0,0,0,0,0,0.15,59,0,303,0
Emerson Hyndman,26,37,1,0,0,0,0,0,0,0,0,0,0,0,37,0,-1,0
Emerson Palmieri dos Santos,28,660,10,0,0,0,0,0,0,0,0,0,0,0,66,0,274,0
Emile Smith Rowe,22,0,0,0,0,0,0,0,0,0,0,0,0,0,0,0,-1,0
Eric Bertrand Bailly,28,637,12,0,0,0,0,1,1,0,0,0,0,0.28,53,0,340,0
Eric Dier,28,1510,20,2,0,0,0,4,0,0.18,0,0.18,503,0.24,76,0,107,1
Erik Durm,30,2052,28,0,1,0,0,0,0,0.04,0.04,0,0,0,73,2052,305,0
Erik Lamela,30,971,19,1,2,0,0,2,0,0.56,0.19,0.37,243,0.19,51,486,45,1
Ethan Ampadu,22,0,0,0,0,0,0,0,0,0,0,0,0,0,0,0,-1,0
Etienne Capoue,34,2947,33,0,3,0,0,15,1,0.12,0.09,0.03,2947,0.49,89,982,253,1
Fabián Cornelio Balbuena González,31,2014,23,0,0,0,0,2,0,0.04,0,0.04,2014,0.09,88,0,231,1
Fabian Delph,32,725,11,0,1,0,0,2,1,0.12,0.12,0,0,0.37,66,725,295,0
Fabian Schär,30,2002,24,3,1,0,0,12,0,0.22,0.04,0.18,501,0.54,83,2002,110,2
Fabinho,28,2013,28,1,2,0,0,6,0,0.13,0.09,0.04,2013,0.27,72,1007,229,0
Fabricio Martín Agosto Ramírez,34,180,2,0,0,0,0,0,0,0,0,0,0,0,90,0,-1,0
Faustino Marcos Alberto Rojo,32,211,5,0,0,0,0,2,0,0,0,0,0,0.85,42,0,-1,0
Federico Fernández,33,1484,19,0,1,0,0,2,0,0.06,0.06,0,0,0.12,78,1484,297,0
Felipe Anderson Pereira Gomes,29,3054,36,4,4,0,0,3,0,0.38,0.12,0.27,339,0.09,85,764,70,2
Fernando Llorente Torres,37,683,20,1,4,0,0,2,0,0.66,0.53,0.13,683,0.26,34,171,133,1
Fernando Luiz Rosa,37,2381,29,1,3,0,0,5,0,0.15,0.11,0.04,2381,0.19,82,794,228,0
Florent Hadergjonaj,28,1840,24,0,0,0,0,1,0,0,0,0,0,0.05,77,0,329,0
Florian Lejeune,31,1055,12,0,0,0,0,0,0,0,0,0,0,0,88,0,278,0
Florin Andone,29,874,23,2,0,0,0,5,0,0.31,0,0.31,291,0.51,38,0,60,2
Floyd Ayité,33,465,16,0,0,0,0,0,0,0.19,0,0.19,465,0,29,0,101,1
Fousseni Diabaté,26,55,1,0,0,0,0,0,0,0,0,0,0,0,55,0,-1,0
Francisco Femenía Far,31,2045,29,1,1,0,0,1,0,0.09,0.04,0.04,2045,0.04,71,2045,240,0
Fraser Forster,34,90,1,0,0,0,0,0,0,0,0,0,0,0,90,0,-1,0
Freddie Woodman,25,0,0,0,0,0,0,0,0,0,0,0,0,0,0,0,-1,0
Frederico Rodrigues Santos,29,1045,17,1,1,0,0,2,0,0.17,0.09,0.09,1045,0.17,61,1045,178,0
Gabriel Jesus,25,1019,29,5,3,1,0,1,0,0.88,0.26,0.62,146,0.09,35,340,6,2
Gaëtan Bong Songo,34,1805,22,0,0,0,0,0,0,0,0,0,0,0,82,0,401,0
Gary Cahill,36,22,2,0,0,0,0,0,0,0,0,0,0,0,11,0,-1,0
Gary Madine,32,32,5,0,0,0,0,0,0,0,0,0,0,0,6,0,-1,0
George Marsh,23,0,0,0,0,0,0,0,0,0,0,0,0,0,0,0,-1,0
Georges-Kevin N'Koudou Mbida,27,4,1,0,1,0,0,0,0,22.5,22.5,0,0,0,4,4,-1,0
Georginio Wijnaldum,31,2735,35,1,0,0,0,3,0,0.1,0,0.1,912,0.1,78,0,164,1
Gerard Deulofeu,28,2082,30,3,5,0,0,3,0,0.65,0.22,0.43,208,0.13,69,416,29,2
Glenn Murray,38,2513,38,8,1,4,0,5,0,0.5,0.04,0.47,193,0.18,66,2513,24,2
Gonzalo Higuain,34,1092,14,4,0,0,0,0,0,0.41,0,0.41,218,0,78,0,33,2
Grady Diangana,24,604,17,0,1,0,0,0,0,0.15,0.15,0,0,0,36,604,298,0
Granit Xhaka,29,2502,29,2,2,0,0,10,0,0.22,0.07,0.14,626,0.36,86,1251,127,1
Greg Cunningham,31,630,7,0,0,0,0,3,0,0,0,0,0,0.43,90,0,313,0
Gylfi Sigurdsson,33,3134,38,7,6,2,3,3,0,0.55,0.17,0.37,241,0.09,82,522,43,2
Hamza Choudhury,24,596,9,0,0,0,0,0,0,0,0,0,0,0,66,0,275,0
Harry Arter,32,2008,25,0,1,0,0,10,0,0.04,0.04,0,0,0.45,80,2008,304,0
Harry Kane,29,2427,28,6,4,4,0,5,0,0.78,0.15,0.63,143,0.19,87,607,5,2
Harry Maguire,29,2599,31,0,0,0,0,7,1,0.1,0,0.1,866,0.28,84,0,165,2
Harry Winks,26,1591,26,0,0,0,0,4,0,0.06,0,0.06,1591,0.23,61,0,207,1
Harvey Lewis Barnes,24,1007,16,0,2,0,0,0,0,0.27,0.18,0.09,1007,0,63,504,175,1
Håvard Nordtveit,32,361,5,0,1,0,0,0,0,0.25,0.25,0,0,0,72,361,419,0
Hector Bellerin,27,1535,19,0,5,0,0,3,0,0.29,0.29,0,0,0.18,81,307,385,0
Hélder Wander Sousa Azevedo Costa,28,1345,25,0,2,0,0,3,0,0.2,0.13,0.07,1345,0.2,54,673,200,1
Henrikh Mkhitaryan,33,1643,25,3,4,0,0,1,0,0.55,0.22,0.33,274,0.05,66,411,53,2
Heung-Min Son,30,2048,31,8,6,0,0,3,1,0.79,0.26,0.53,171,0.18,66,341,14,2
Heurelho da Silva Gomes,41,0,0,0,0,0,0,0,0,0,0,0,0,0,0,0,-1,0
Hugo Lloris,35,2970,33,0,0,0,0,0,0,0,0,0,0,0,90,0,339,0
Ibrahima Cissé,28,87,3,0,0,0,0,0,0,0,0,0,0,0,29,0,-1,0
Idrissa Gana Gueye,32,2825,33,0,2,0,0,6,0,0.06,0.06,0,0,0.19,86,1413,413,0
İlkay Gündoğan,31,2135,31,4,3,0,0,3,0,0.38,0.13,0.25,356,0.13,69,712,78,1
Isaac Ajayi Success,26,1037,30,1,1,0,0,4,0,0.17,0.09,0.09,1037,0.35,35,1037,181,1
Isaac Hayden,27,1886,25,0,4,0,0,4,1,0.24,0.19,0.05,1886,0.24,75,472,219,1
Isaac Mbenza,26,981,22,1,1,0,0,1,0,0.18,0.09,0.09,981,0.09,45,981,172,0
Issa Diop,25,2970,33,1,0,0,0,4,0,0.03,0,0.03,2970,0.12,90,0,248,0
Ivan Ricardo Neves Abreu Cavaleiro,28,683,23,2,1,0,0,1,0,0.53,0.13,0.4,228,0.13,30,683,34,1
Jack Cork,33,3313,37,1,2,0,0,6,0,0.08,0.05,0.03,3313,0.16,90,1657,249,0
Jack Simpson,25,403,6,0,0,0,0,0,0,0,0,0,0,0,67,0,272,0
Jack Stephens,28,1697,24,1,0,0,0,4,0,0.05,0,0.05,1697,0.21,71,0,223,0
Jack Wilshere,30,389,8,0,1,0,0,2,0,0.23,0.23,0,0,0.46,49,389,369,0
Jacob Murphy,27,300,9,0,1,0,0,0,0,0.3,0.3,0,0,0,33,300,301,0
Jaïro Riedewald,26,0,0,0,0,0,0,0,0,0,0,0,0,0,0,0,-1,0
Jamal Lascelles,28,2748,32,0,1,0,0,4,0,0.03,0.03,0,0,0.13,86,2748,346,0
James Garner,21,0,1,0,0,0,0,0,0,0,0,0,0,0,0,0,-1,0
James Maddison,25,2850,36,3,7,1,1,5,1,0.44,0.22,0.22,407,0.16,79,407,83,2
James McArthur,34,3071,38,1,6,0,0,7,0,0.26,0.18,0.09,1024,0.21,81,512,179,1
James McCarthy,31,14,1,0,0,0,0,0,0,0,0,0,0,0,14,0,-1,0
James Milner,36,1785,31,0,4,3,0,7,1,0.45,0.2,0.25,357,0.35,58,446,81,2
James Tarkowski,29,3087,35,2,1,0,0,8,0,0.12,0.03,0.09,1029,0.23,88,3087,170,2
James Tomkins,33,2563,29,0,1,0,0,6,0,0.07,0.04,0.04,2563,0.21,88,2563,235,1
James Ward-Prowse,27,1942,26,5,0,1,0,4,0,0.32,0,0.32,277,0.19,75,0,58,2
Jamie Sterry,26,0,0,0,0,0,0,0,0,0,0,0,0,0,0,0,-1,0
Jamie Vardy,35,2735,34,8,4,4,1,4,1,0.72,0.13,0.59,152,0.16,80,684,9,2
Jan Bednarek,26,2151,25,0,1,0,0,7,0,0.04,0.04,0,0,0.29,86,2151,377,0
Jan Vertonghen,35,1915,22,0,0,0,0,5,1,0.05,0,0.05,1915,0.23,87,0,225,1
Jannik Vestergaard,30,2030,23,0,0,0,0,2,0,0,0,0,0,0.09,88,0,373,0
Jason Puncheon,36,391,11,0,0,0,0,1,0,0,0,0,0,0.23,36,0,302,0
Jason Steele,32,0,0,0,0,0,0,0,0,0,0,0,0,0,0,0,-1,0
Javier Hernandez,34,1335,25,5,1,0,0,2,0,0.54,0.07,0.47,191,0.13,53,1335,23,2
Javier Manquillo Gaitán,28,1097,18,0,3,0,0,2,0,0.25,0.25,0,0,0.16,61,366,350,0
Jayson Molumby,23,0,0,0,0,0,0,0,0,0,0,0,0,0,0,0,-1,0
Jazz Richards,31,128,4,0,0,0,0,0,0,0,0,0,0,0,32,0,-1,0
Jean Michau00ebl Seri,31,2252,32,1,2,0,0,6,0,0.12,0.08,0.04,2252,0.24,70,1126,236,1
Jeff Hendrick,30,2069,32,1,0,0,0,4,0,0.13,0,0.13,690,0.17,65,0,131,1
Jefferson Lerma,27,2511,30,0,0,0,0,12,0,0.07,0,0.07,1256,0.43,84,0,202,1
Jeffrey Schlupp,29,1665,30,1,1,0,0,1,0,0.27,0.05,0.22,416,0.05,56,1665,89,2
Jermain Defoe,39,21,4,0,0,0,0,0,0,0,0,0,0,0,5,0,-1,0
Jesse Lingard,29,1668,27,1,2,1,0,3,0,0.32,0.11,0.22,417,0.16,62,834,87,2
João Moutinho,36,3040,38,0,8,0,0,4,0,0.27,0.24,0.03,3040,0.12,80,380,258,0
Joe Bennett,32,2641,30,0,1,0,0,5,0,0.03,0.03,0,0,0.17,88,2641,324,0
Joe Bryan,28,2350,28,0,1,0,0,5,0,0.04,0.04,0,0,0.19,84,2350,316,0
Joe Daniel Tupper,24,0,0,0,0,0,0,0,0,0,0,0,0,0,0,0,-1,0
Joe Gomez,25,1060,16,0,0,0,0,2,0,0,0,0,0,0.17,66,0,407,0
Joe Hart,35,1710,19,0,0,0,0,0,0,0,0,0,0,0,90,0,367,0
Joe Powell,23,0,0,0,0,0,0,0,0,0,0,0,0,0,0,0,-1,0
Joe Ralls,28,1959,28,0,0,0,1,5,1,0,0,0,0,0.28,70,0,336,0
Joel Coleman,26,90,1,0,0,0,0,0,0,0,0,0,0,0,90,0,-1,0
Joel Matip,31,1532,22,1,0,0,0,3,0,0.06,0,0.06,1532,0.18,70,0,215,0
Joel Ward,32,551,7,1,0,0,0,1,0,0.16,0,0.16,551,0.16,79,0,114,0
Johann Berg Guðmunds­son,31,1748,29,0,6,0,0,2,0,0.46,0.31,0.15,583,0.1,60,291,122,2
John Ruddy,35,90,1,0,0,0,0,0,0,0,0,0,0,0,90,0,-1,0
John Stones,28,1762,24,0,0,0,0,1,0,0,0,0,0,0.05,73,0,309,0
Jon Gorenc Stankovič,26,718,11,0,0,0,0,2,0,0.13,0,0.13,718,0.25,65,0,139,1
Jonas Lössl,33,2777,31,0,1,0,0,1,0,0.03,0.03,0,0,0.03,90,2777,333,0
Jonathan Hogg,33,2377,29,0,1,0,0,9,1,0.04,0.04,0,0,0.38,82,2377,330,0
Jonathan Walters,38,0,0,0,0,0,0,0,0,0,0,0,0,0,0,0,-1,0
Jonjo Shelvey,30,944,16,0,1,0,0,1,0,0.19,0.1,0.1,944,0.1,59,944,167,0
Jonjoe Kenny,25,790,10,0,1,0,0,1,0,0.11,0.11,0,0,0.11,79,790,289,0
Jonny,28,2780,33,1,1,0,0,6,0,0.06,0.03,0.03,2780,0.19,84,2780,257,0
Jonny Evans,34,1995,24,1,0,0,0,2,0,0.05,0,0.05,1995,0.09,83,0,224,0
Jordan Ayew,31,1186,20,0,2,0,0,3,0,0.23,0.15,0.08,1186,0.23,59,593,187,0
Jordan Henderson,32,1983,32,0,3,0,0,3,1,0.18,0.14,0.05,1983,0.14,62,661,217,0
Jordan Pickford,28,3420,38,0,0,0,0,1,0,0,0,0,0,0.03,90,0,409,0
Jordon Ibe,26,795,19,0,1,0,0,1,0,0.23,0.11,0.11,795,0.11,42,795,154,0
Jorginho,30,3165,37,0,0,1,0,8,0,0.06,0,0.06,1583,0.23,86,0,213,0
José Diogo Dalot Teixeira,23,1015,16,0,2,0,0,3,0,0.18,0.18,0,0,0.27,63,508,283,0
José Holebas,38,2394,28,2,6,0,0,13,1,0.34,0.23,0.11,798,0.53,86,399,153,1
Jose Izquierdo,30,794,15,0,1,0,0,1,0,0.11,0.11,0,0,0.11,53,794,266,0
José Luis Sanmartín Mato,32,586,16,2,0,0,0,1,0,0.31,0,0.31,293,0.15,37,0,61,2
Joseph Willock,23,64,2,0,0,0,0,0,0,0,0,0,0,0,32,0,-1,0
Josh Benson,22,0,0,0,0,0,0,0,0,0,0,0,0,0,0,0,-1,0
Josh Knight,25,0,0,0,0,0,0,0,0,0,0,0,0,0,0,0,-1,0
Josh Murphy,27,1825,29,2,2,0,0,2,0,0.25,0.1,0.15,608,0.1,63,913,119,1
Joshua King,30,2974,35,9,3,5,1,3,0,0.45,0.09,0.36,248,0.09,85,991,49,2
Joshua Sims,25,209,7,0,1,0,0,0,0,0.43,0.43,0,0,0,30,209,-1,0
Juan Marcos Foyth,24,930,12,0,0,0,0,4,1,0.1,0,0.1,930,0.48,78,0,157,0
Juan Mata,34,1294,22,3,2,0,0,3,0,0.35,0.14,0.21,431,0.21,59,647,92,1
Julián Speroni,43,90,1,0,0,0,0,0,0,0,0,0,0,0,90,0,-1,0
Juninho Bacuna,25,1414,21,0,0,0,0,4,0,0.06,0,0.06,1414,0.25,67,0,205,1
Junior Stanislas,32,1027,23,1,3,1,0,1,0,0.44,0.26,0.18,514,0.09,45,342,104,1
Jürgen Locadia,28,1227,26,2,0,0,0,1,0,0.15,0,0.15,614,0.07,47,0,120,1
Kadeem Harris,29,366,13,1,0,0,0,1,0,0.25,0,0.25,366,0.25,28,0,79,0
Karl Darlow,31,0,0,0,0,0,0,0,0,0,0,0,0,0,0,0,-1,0
Karlan Ahearne-Grant,24,874,13,2,0,0,0,0,0,0.41,0,0.41,219,0,67,0,31,2
Kasper Schmeichel,35,3420,38,0,0,0,0,3,0,0,0,0,0,0.08,90,0,342,0
Kayne Ramsey,21,90,1,0,0,0,0,0,0,0,0,0,0,0,90,0,-1,0
Kazaiah Sterling,23,0,0,0,0,0,0,0,0,0,0,0,0,0,0,0,-1,0
Kelechi Iheanacho,25,926,30,1,3,0,0,2,0,0.39,0.29,0.1,926,0.19,31,309,169,0
Kelland Watts,22,0,0,0,0,0,0,0,0,0,0,0,0,0,0,0,-1,0
Ken Sema,28,755,17,0,2,0,0,1,0,0.36,0.24,0.12,755,0.12,44,378,143,0
Kenneth Dahrup Zohorè,28,746,19,0,1,0,0,1,0,0.24,0.12,0.12,746,0.12,39,746,142,0
Kepa Arrizabalaga,27,3240,36,0,0,0,0,2,0,0,0,0,0,0.06,90,0,364,0
Kevin De Bruyne,31,974,19,2,2,0,0,2,0,0.37,0.18,0.18,487,0.18,51,487,109,1
Kevin Long,32,513,6,0,1,0,0,0,0,0.18,0.18,0,0,0,86,513,293,0
Kevin McDonald,33,842,15,0,0,0,0,6,1,0,0,0,0,0.64,56,0,317,0
Kieran Dowell,24,0,0,0,0,0,0,0,0,0,0,0,0,0,0,0,-1,0
Kieran Trippier,31,2278,27,1,3,0,0,2,0,0.16,0.12,0.04,2278,0.08,84,759,230,0
Konstantinos Mavropanos,24,150,4,0,0,0,0,1,0,0,0,0,0,0.6,38,0,-1,0
Kortney Hause,27,0,0,0,0,0,0,0,0,0,0,0,0,0,0,0,-1,0
Kurt Zouma,27,2610,32,1,2,0,0,5,1,0.14,0.07,0.07,1305,0.17,82,1305,192,1
Kyle Taylor,23,0,0,0,0,0,0,0,0,0,0,0,0,0,0,0,-1,0
Kyle Walker,32,2777,33,1,1,0,0,3,0,0.06,0.03,0.03,2777,0.1,84,2777,250,0
Kyle Walker-Peters,25,374,6,0,3,0,0,1,0,0.72,0.72,0,0,0.24,62,125,357,0
Laurent Depoitre,33,1059,23,0,1,0,0,1,0,0.08,0.08,0,0,0.08,46,1059,331,0
Laurent Koscielny,36,1328,17,2,0,0,0,1,0,0.2,0,0.2,443,0.07,78,0,93,1
Lazar Marković,28,44,1,0,0,0,0,0,0,0,0,0,0,0,44,0,-1,0
Leander Dendoncker,27,1469,19,1,0,0,0,1,0,0.12,0,0.12,735,0.06,77,0,146,1
Leandro Bacuna,31,554,11,0,0,0,0,2,0,0,0,0,0,0.32,50,0,281,0
Lee Grant,39,0,0,0,0,0,0,0,0,0,0,0,0,0,0,0,-1,0
Lee Peltier,35,1542,20,0,0,0,0,4,0,0,0,0,0,0.23,77,0,352,0
Leighton Baines,37,376,6,0,0,0,0,0,0,0,0,0,0,0,63,0,410,0
Leon Balogun,34,591,8,1,0,0,0,2,0,0.15,0,0.15,591,0.3,74,0,121,0
Leonardo Bonatini Lohner Maia,28,128,7,0,1,0,0,0,0,0.7,0.7,0,0,0,18,128,-1,0
Leroy Sané,26,1867,31,5,10,0,0,1,0,0.96,0.48,0.48,187,0.05,60,187,19,2
Lewis Cass,22,0,0,0,0,0,0,0,0,0,0,0,0,0,0,0,-1,0
Lewis Cook,25,721,13,0,0,0,0,2,0,0,0,0,0,0.25,55,0,362,0
Lewis Dunk,30,3153,36,0,1,0,0,7,1,0.09,0.03,0.06,1577,0.2,88,3153,203,2
Loïc Damour,31,21,2,0,0,0,0,0,0,0,0,0,0,0,11,0,-1,0
Loris Karius,29,0,0,0,0,0,0,0,0,0,0,0,0,0,0,0,-1,0
Luca de la Torre,24,0,0,0,0,0,0,0,0,0,0,0,0,0,0,0,-1,0
Lucas Digne,29,2990,35,2,4,0,0,6,1,0.24,0.12,0.12,748,0.21,85,748,147,2
Lucas Perez,34,468,15,3,0,0,0,0,0,0.58,0,0.58,156,0,31,0,10,1
Lucas Rodrigues Moura da Silva,30,2127,32,6,0,0,0,3,0,0.42,0,0.42,213,0.13,66,0,30,2
Lucas Torreira,26,2377,34,2,2,0,0,8,1,0.15,0.08,0.08,1189,0.34,70,1189,190,1
Luciano Vietto,28,983,20,1,4,0,0,1,0,0.46,0.37,0.09,983,0.09,49,246,180,1
Luka Milivojević,31,3420,38,7,2,10,1,10,0,0.37,0.05,0.32,285,0.26,90,1710,59,2
Luke Amos,25,2,1,0,0,0,0,0,0,0,0,0,0,0,2,0,-1,0
Luke Dreher,23,0,1,0,0,0,0,0,0,0,0,0,0,0,0,0,-1,0
Luke Shaw,27,2592,29,1,4,0,0,11,0,0.17,0.14,0.03,2592,0.38,89,648,262,0
Lys Mousset,26,345,24,0,0,0,0,1,0,0.26,0,0.26,345,0.26,14,0,75,0
Maarten Stekelenburg,39,0,0,0,0,0,0,0,0,0,0,0,0,0,0,0,-1,0
Mamadou Sakho,32,2417,27,0,0,0,0,2,0,0,0,0,0,0.07,90,0,322,0
Manolo Gabbiadini,30,470,12,1,0,0,0,0,0,0.19,0,0.19,470,0,39,0,100,0
Manuel Lanzini,29,688,10,0,1,0,0,2,0,0.26,0.13,0.13,688,0.26,69,688,130,0
Marc Albrighton,32,1626,27,1,2,0,0,3,0,0.22,0.11,0.11,813,0.17,60,813,156,1
Marc Guehi,22,0,0,0,0,0,0,0,0,0,0,0,0,0,0,0,-1,0
Marc Navarro Ceciliano,27,84,2,0,0,0,0,0,0,0,0,0,0,0,42,0,-1,0
Marc Pugh,35,0,0,0,0,0,0,0,0,0,0,0,0,0,0,0,-1,0
Marcos Alonso,31,2761,31,1,4,0,0,6,0,0.2,0.13,0.07,1381,0.2,89,690,191,1
Marcus Bettinelli,30,630,7,0,0,0,0,1,0,0,0,0,0,0.14,90,0,296,0
Marcus Rashford,24,2362,33,4,6,0,0,4,1,0.61,0.23,0.38,236,0.19,72,394,41,2
Mario Lemina,29,1615,21,0,1,0,0,5,0,0.11,0.06,0.06,1615,0.28,77,1615,211,1
Mark Noble,35,2308,31,2,5,4,0,7,1,0.39,0.19,0.19,462,0.31,74,462,96,2
Mark Travers,23,180,2,0,0,0,0,0,0,0,0,0,0,0,90,0,-1,0
Marko Arnautović,33,2000,28,7,4,1,0,3,0,0.63,0.18,0.45,200,0.14,71,500,26,2
Markus Suttner,35,0,0,0,0,0,0,0,0,0,0,0,0,0,0,0,-1,0
Marouane Fellaini,34,744,14,0,1,0,0,1,0,0.12,0.12,0,0,0.12,53,744,341,0
Martin Dúbravka,33,3420,38,0,0,0,0,1,0,0,0,0,0,0.03,90,0,345,0
Martin Kelly,32,1110,13,0,0,0,0,2,0,0,0,0,0,0.16,85,0,326,0
Martín Montoya,31,2166,25,0,1,0,0,4,0,0.04,0.04,0,0,0.17,87,2166,294,0
Mason Greenwood,20,115,3,0,0,0,0,0,0,0,0,0,0,0,38,0,-1,0
Mason Holgate,25,407,5,0,0,0,0,1,0,0,0,0,0,0.22,81,0,414,0
Matěj Vydra,30,311,13,1,1,0,0,1,0,0.58,0.29,0.29,311,0.29,24,311,66,0
Mateo Kovačić,28,1743,32,0,2,0,0,3,0,0.1,0.1,0,0,0.15,54,872,291,0
Mathew Ryan,30,3060,34,0,0,0,0,2,0,0,0,0,0,0.06,90,0,398,0
Mathias Jattah-Njie Jørgensen,32,2148,24,1,1,0,0,6,0,0.17,0.04,0.13,716,0.25,90,2148,129,2
Matt Butcher,25,0,0,0,0,0,0,0,0,0,0,0,0,0,0,0,-1,0
Matt Doherty,30,3147,38,1,5,0,0,5,0,0.26,0.14,0.11,787,0.14,83,629,155,2
Matt Ritchie,33,2940,36,1,8,1,1,9,0,0.31,0.24,0.06,1470,0.28,82,368,216,1
Matt Targett,26,1185,16,1,3,0,0,2,0,0.3,0.23,0.08,1185,0.15,74,395,183,0
Matteo Darmian,32,443,6,0,0,0,0,0,0,0,0,0,0,0,74,0,411,0
Mattéo Guendouzi Olié,23,2143,33,0,0,0,0,9,0,0,0,0,0,0.38,65,0,386,0
Matthew Connolly,34,0,0,0,0,0,0,0,0,0,0,0,0,0,0,0,-1,0
Matthew Lowton,33,1748,21,0,0,0,0,7,0,0,0,0,0,0.36,83,0,378,0
Matty Daly,21,73,2,0,0,0,0,0,0,0,0,0,0,0,37,0,-1,0
Max Harrison Sanders,23,0,0,0,0,0,0,0,0,0,0,0,0,0,0,0,-1,0
Max Kilman,25,0,1,0,0,0,0,0,0,0,0,0,0,0,0,0,-1,0
Max Meyer,26,1414,29,0,2,0,0,3,0,0.19,0.13,0.06,1414,0.19,49,707,209,1
Maxime Le Marchand,32,2251,26,0,1,0,0,5,0,0.04,0.04,0,0,0.2,87,2251,314,0
Maya Yoshida,34,1520,17,0,1,0,0,0,0,0.06,0.06,0,0,0,89,1520,308,0
Mesut Özil,33,1741,24,4,2,0,0,2,0,0.36,0.1,0.26,348,0.1,73,871,73,2
Michael Keane,29,2970,33,0,2,0,0,2,0,0.09,0.06,0.03,2970,0.06,90,1485,251,1
Michael Obafemi,22,134,6,0,1,0,0,1,0,1.34,0.67,0.67,134,0.67,22,134,-1,0
Michail Antonio,32,2099,33,4,4,0,0,3,0,0.43,0.17,0.26,350,0.13,64,525,77,2
Michel Vorm,38,180,2,0,0,0,0,0,0,0,0,0,0,0,90,0,-1,0
Michy Batshuayi,28,756,11,2,0,0,0,0,0,0.6,0,0.6,151,0,69,0,8,2
Miguel Ángel Almirón Rejala,28,763,10,0,0,0,0,0,0,0,0,0,0,0,76,0,282,0
Miguel Ángel Britos Cabrera,37,185,3,0,0,0,0,0,0,0,0,0,0,0,62,0,-1,0
Mohamed Diamé,35,2165,29,0,0,0,0,3,0,0,0,0,0,0.12,75,0,348,0
Mohamed Elneny,30,381,8,0,0,0,0,0,0,0,0,0,0,0,48,0,388,0
Mohamed Elyounoussi,28,790,16,0,0,0,0,0,0,0,0,0,0,0,49,0,375,0
Mohamed Salah,30,3262,38,13,8,3,0,1,0,0.83,0.22,0.61,148,0.03,86,408,7,2
Morgan Gibbs-White,22,647,26,0,1,0,0,1,0,0.14,0.14,0,0,0.14,25,647,408,0
Morgan Schneiderlin,32,833,14,0,1,0,0,2,0,0.11,0.11,0,0,0.22,60,833,412,0
Moussa Dembele,35,516,10,0,0,0,0,1,0,0,0,0,0,0.17,52,0,355,0
Moussa Sissoko,33,2336,29,0,3,0,0,2,0,0.12,0.12,0,0,0.08,81,779,354,0
N'Golo Kanté,31,3096,36,2,4,0,0,3,0,0.23,0.12,0.12,774,0.09,86,774,141,1
Naby Deco Keïta,27,1392,25,1,1,0,0,0,0,0.19,0.06,0.13,696,0,56,1392,138,1
Nacho Monreal,36,1861,22,1,3,0,0,5,0,0.19,0.15,0.05,1861,0.24,85,620,222,0
Nampalys Mendy,30,2088,31,0,0,0,0,5,0,0,0,0,0,0.22,67,0,271,0
Nathan Aké,27,3412,38,3,0,0,0,3,0,0.11,0,0.11,853,0.08,90,0,150,2
Nathan Holland,24,0,0,0,0,0,0,0,0,0,0,0,0,0,0,0,-1,0
Nathan Redmond,28,3276,38,4,4,0,0,3,0,0.27,0.11,0.16,546,0.08,86,819,116,2
Nathaniel Chalobah,27,266,9,0,0,0,0,2,0,0,0,0,0,0.68,30,0,-1,0
Nathaniel Clyne,31,1254,18,0,1,0,0,2,0,0.07,0.07,0,0,0.14,70,1254,392,0
Nathaniel Mendez-Laing,30,984,20,0,1,1,0,0,0,0.46,0.09,0.37,246,0,49,984,46,2
Neeskens Kebano,30,103,7,0,0,0,0,0,0,0,0,0,0,0,15,0,-1,0
Neil Leonard Dula Etheridge,32,3420,38,0,0,0,0,2,0,0,0,0,0,0.05,90,0,363,0
Nemanja Matić,34,2441,28,1,0,0,0,8,1,0.04,0,0.04,2441,0.29,87,0,239,0
Nicolas Otamendi,34,1233,18,0,0,0,0,1,0,0,0,0,0,0.07,69,0,273,0
Nikola Tavares,23,0,0,0,0,0,0,0,0,0,0,0,0,0,0,0,-1,0
Nnamdi Ofoborh,22,0,0,0,0,0,0,0,0,0,0,0,0,0,0,0,-1,0
Oleksandr Zinchenko,25,1153,14,0,3,0,0,1,0,0.23,0.23,0,0,0.08,82,384,284,0
Oliver Skipp,22,216,8,0,0,0,0,0,0,0,0,0,0,0,27,0,-1,0
Olivier Giroud,35,832,27,1,4,0,0,1,0,0.65,0.43,0.22,416,0.11,31,208,86,0
Onyinye Wilfred Ndidi,25,3299,38,2,0,0,0,8,0,0.05,0,0.05,1650,0.22,87,0,218,1
Oriol Romeu,30,2140,31,1,0,0,0,11,0,0.04,0,0.04,2140,0.46,69,0,244,1
Oumar Niasse,32,998,18,0,0,0,0,0,0,0,0,0,0,0,55,0,415,0
Pablo Zabaleta,37,2092,26,0,1,0,0,4,0,0.04,0.04,0,0,0.17,80,2092,370,0
Pape N'Diaye Souaré,32,0,1,0,0,0,0,0,0,0,0,0,0,0,0,0,-1,0
Pascal Groß,31,1878,25,2,3,1,1,1,0,0.29,0.14,0.14,626,0.05,75,626,126,2
Patrick van Aanholt,32,3198,36,2,2,0,0,3,0,0.14,0.06,0.08,1066,0.08,89,1599,184,1
Paul Dummett,30,1986,26,0,0,0,0,1,0,0,0,0,0,0.05,76,0,347,0
Paul Pogba,29,3011,35,10,9,7,3,6,0,0.66,0.27,0.39,232,0.18,86,335,37,2
Paulo Dino Gazzaniga,30,270,3,0,0,0,0,0,0,0,0,0,0,0,90,0,-1,0
Pedro Obiang,30,1121,24,0,1,0,0,0,0,0.08,0.08,0,0,0,47,1121,371,0
Pedro Rodriguez,35,1780,31,6,2,0,0,2,0,0.51,0.1,0.4,223,0.1,57,890,35,2
Peter Crouch,41,86,6,0,0,0,0,1,0,0,0,0,0,1.05,14,0,-1,0
Petr Čech,40,585,7,0,0,0,0,0,0,0,0,0,0,0,84,0,384,0
Phil Bardsley,37,1672,19,0,0,0,0,9,0,0,0,0,0,0.48,88,0,383,0
Phil Jagielka,40,329,7,1,0,0,0,1,1,0.27,0,0.27,329,0.55,47,0,71,0
Phil Jones,30,1263,18,0,1,0,0,1,0,0.07,0.07,0,0,0.07,70,1263,299,0
Philip Billing,26,2192,27,1,0,0,0,7,0,0.08,0,0.08,1096,0.29,81,0,185,2
Philip Foden,22,327,13,1,0,0,0,0,0,0.28,0,0.28,327,0,25,0,67,0
Philippe Sandler,25,0,0,0,0,0,0,0,0,0,0,0,0,0,0,0,-1,0
Pierre-Emerick Aubameyang,33,2731,36,13,5,4,1,0,0,0.89,0.16,0.73,124,0,76,546,3,2
Pierre-Emile Højbjerg,27,2764,31,2,3,0,0,10,2,0.23,0.1,0.13,691,0.36,89,921,136,2
Rachid Ghezzal,30,738,19,1,0,0,0,3,0,0.12,0,0.12,738,0.37,39,0,140,0
Rafael Euclides Soares Camacho,22,0,1,0,0,0,0,0,0,0,0,0,0,0,0,0,-1,0
Raheem Sterling,27,2777,34,12,10,0,0,3,0,0.88,0.32,0.55,163,0.1,82,278,12,2
Rajiv van La Parra,31,407,5,0,0,0,0,0,0,0,0,0,0,0,81,0,335,0
Ramadan Sobhi,25,75,4,0,0,0,0,0,0,0,0,0,0,0,19,0,-1,0
Raúl Alonso Jiménez Rodríguez,31,3124,38,8,7,2,0,4,0,0.58,0.2,0.37,240,0.12,82,446,42,2
Rhys Healey,27,49,3,0,0,0,0,0,0,0,0,0,0,0,16,0,-1,0
Ricardo Domingos Barbosa Pereira,28,3125,35,2,6,0,0,7,0,0.23,0.17,0.06,1563,0.2,89,521,214,1
Richarlison de Andrade,25,2679,35,7,1,0,0,6,1,0.47,0.03,0.44,206,0.24,77,2679,28,2
Riyad Mahrez,31,1339,27,1,4,0,1,0,0,0.74,0.27,0.47,191,0,50,335,22,1
Rob Holding,26,807,10,0,0,0,0,1,0,0,0,0,0,0.11,81,0,389,0
Robbie Brady,30,715,16,0,1,0,0,4,1,0.13,0.13,0,0,0.63,45,715,268,0
Robert Kenedy Nunes do Nascimento,26,1344,25,0,1,0,1,1,0,0.13,0.07,0.07,1344,0.07,54,1344,193,1
Robert Snodgrass,35,2222,33,1,5,0,0,10,0,0.28,0.2,0.08,1111,0.41,67,444,188,1
Roberto Firmino,30,2620,34,7,6,1,0,0,0,0.62,0.21,0.41,218,0,77,437,32,2
Roberto Maximiliano Pereyra,31,2825,33,5,1,0,0,3,0,0.22,0.03,0.19,471,0.1,86,2825,97,2
Romain Saïss,32,1144,19,1,0,0,0,7,0,0.16,0,0.16,572,0.55,60,0,115,1
Romelu Lukaku,29,2130,32,4,0,0,0,4,0,0.51,0,0.51,178,0.17,67,0,16,2
Rondon,32,2609,32,6,7,0,0,1,0,0.62,0.24,0.38,237,0.03,82,373,40,2
Ross Barkley,28,1241,27,1,5,0,0,1,0,0.58,0.36,0.22,414,0.07,46,248,84,1
Rúben Diogo Da Silva Neves,25,3009,35,3,3,2,0,8,0,0.21,0.09,0.12,752,0.24,86,1003,145,2
Rúben Gonçalo Silva Nascimento Vinagre,23,703,17,0,0,0,0,1,0,0,0,0,0,0.13,41,0,406,0
Ruben Loftus-Cheek,26,983,24,3,2,0,0,0,0,0.73,0.18,0.55,164,0,41,492,11,2
Rui Pedro dos Santos Patrício,34,3330,37,0,0,0,0,0,0,0,0,0,0,0,90,0,405,0
Ryan Bennett,32,3060,34,1,0,0,0,12,0,0.03,0,0.03,3060,0.35,90,0,256,1
Ryan Bertrand,33,2160,24,1,0,0,0,8,0,0.04,0,0.04,2160,0.33,90,0,245,0
Ryan Fraser,28,3173,38,5,14,0,0,2,0,0.6,0.4,0.2,453,0.06,84,227,95,2
Ryan Fredericks,29,1085,15,1,0,0,0,5,0,0.08,0,0.08,1085,0.41,72,0,189,0
Ryan Giles,22,0,0,0,0,0,0,0,0,0,0,0,0,0,0,0,-1,0
Ryan Guno Babel,35,1260,16,3,3,0,0,3,0,0.57,0.21,0.36,252,0.21,79,420,47,2
Ryan Schofield,22,0,0,0,0,0,0,0,0,0,0,0,0,0,0,0,-1,0
Ryan Sessegnon,22,2298,35,1,6,0,0,0,0,0.31,0.23,0.08,1149,0,66,383,182,1
Sadio Mané,30,3086,36,18,1,0,0,2,0,0.67,0.03,0.64,140,0.06,86,3086,4,2
Sam Gallagher,27,30,4,0,0,0,0,0,0,0,0,0,0,0,8,0,-1,0
Sam Surridge,24,11,2,0,0,0,0,0,0,0,0,0,0,0,6,0,-1,0
Sam Vokes,32,913,20,2,0,0,0,0,0,0.3,0,0.3,304,0,46,0,64,2
Sam Woods,24,0,0,0,0,0,0,0,0,0,0,0,0,0,0,0,-1,0
Samir Nasri,35,246,5,0,2,0,0,0,0,0.73,0.73,0,0,0,49,123,-1,0
Sandro Ramirez,27,0,0,0,0,0,0,0,0,0,0,0,0,0,0,0,-1,0
Scott Dann,35,660,10,0,1,0,0,1,0,0.14,0.14,0,0,0.14,66,660,276,0
Scott McTominay,25,861,16,0,0,0,0,1,0,0.21,0,0.21,431,0.1,54,0,91,1
Sead Kolašinac,29,1891,24,0,5,0,0,5,0,0.24,0.24,0,0,0.24,79,378,285,0
Séamus Coleman,33,2560,29,2,2,0,0,1,0,0.14,0.07,0.07,1280,0.04,88,1280,197,1
Sean Longstaff,24,688,9,1,0,0,0,2,0,0.13,0,0.13,688,0.26,76,0,135,0
Sean Morrison,31,3040,34,0,3,0,0,6,0,0.12,0.09,0.03,3040,0.18,89,1013,255,1
Sebastian Prödl,35,13,1,0,0,0,0,0,0,0,0,0,0,0,13,0,-1,0
Serge Aurier,29,564,8,0,2,0,0,1,0,0.32,0.32,0,0,0.16,71,282,351,0
Sergio Aguero,34,2480,33,15,8,2,0,3,0,1.05,0.29,0.76,118,0.11,75,310,1,2
Sergio Germán Romero,35,0,0,0,0,0,0,0,0,0,0,0,0,0,0,0,-1,0
Sergio Rico,29,2610,29,0,0,0,0,1,0,0,0,0,0,0.03,90,0,320,0
Shane Duffy,30,3088,35,2,1,0,0,5,1,0.17,0.03,0.15,618,0.17,88,3088,123,2
Shane Long,35,1269,26,3,1,0,0,3,0,0.43,0.07,0.35,254,0.21,49,1269,51,2
Shinji Okazaki,36,269,21,0,1,0,0,0,0,0.33,0.33,0,0,0,13,269,-1,0
Shkodran Mustafi,30,2617,31,0,0,0,0,9,0,0.07,0,0.07,1309,0.31,84,0,201,1
Simon Francis,37,1226,17,0,2,0,0,1,0,0.15,0.15,0,0,0.07,72,613,360,0
Simon Mignolet,34,0,0,0,0,0,0,0,0,0,0,0,0,0,0,0,-1,0
Sokratis Papastathopoulos,34,2199,25,0,2,0,0,12,0,0.12,0.08,0.04,2199,0.49,88,1100,234,0
Solomon March,28,2473,35,1,5,0,0,1,0,0.22,0.18,0.04,2473,0.04,71,495,242,0
Souleymane Bamba,37,2475,28,2,1,0,0,7,0,0.18,0.04,0.15,619,0.25,88,2475,118,2
Stefan Marius Johansen,31,412,12,0,0,0,0,4,0,0,0,0,0,0.87,34,0,318,0
Stefano Okaka,33,22,2,0,0,0,0,1,0,0,0,0,0,4.09,11,0,-1,0
Stephan Lichtsteiner,38,940,14,0,0,0,0,3,0,0,0,0,0,0.29,67,0,387,0
Stephen Ward,37,230,3,0,0,0,0,1,0,0,0,0,0,0.39,77,0,-1,0
Steve Cook,31,2787,31,0,1,0,0,3,0,0.06,0.03,0.03,2787,0.1,90,2787,254,1
Steve Mounié,27,1777,31,2,3,0,0,2,1,0.25,0.15,0.1,889,0.15,57,592,168,1
Steven Davis,37,96,3,0,1,0,0,0,0,0.94,0.94,0,0,0,32,96,-1,0
Steven Defour,34,452,6,0,0,0,0,0,0,0,0,0,0,0,75,0,264,0
Stuart Armstrong,30,1432,29,1,2,0,0,2,0,0.31,0.13,0.19,477,0.13,49,716,98,1
Sullay Kaikai,27,0,0,0,0,0,0,0,0,0,0,0,0,0,0,0,-1,0
Sung-Yeung Ki,33,1302,18,0,1,0,0,2,0,0.07,0.07,0,0,0.14,72,1302,349,0
Tahith Chong,22,36,2,0,0,0,0,0,0,0,0,0,0,0,18,0,-1,0
Terence Kongolo,28,2722,32,0,1,0,0,4,0,0.07,0.03,0.03,2722,0.13,85,2722,261,1
Theo Walcott,33,2122,37,3,2,0,0,1,0,0.3,0.08,0.21,424,0.04,57,1061,90,2
Tim Ream,34,2051,26,0,0,0,0,1,0,0,0,0,0,0.04,79,0,265,0
Timothy Eyoma,22,0,0,0,0,0,0,0,0,0,0,0,0,0,0,0,-1,0
Timothy Fosu-Mensah,24,795,12,0,0,0,0,3,0,0,0,0,0,0.34,66,0,319,0
Toby Alderweireld,33,2924,34,0,0,0,0,3,0,0,0,0,0,0.09,86,0,356,0
Tom Cairney,31,2198,31,1,1,0,0,0,0,0.08,0.04,0.04,2198,0,71,2198,238,1
Tom Cleverley,33,470,13,0,0,0,0,2,0,0.19,0,0.19,470,0.38,36,0,99,0
Tom Davies,24,975,16,0,0,0,0,3,0,0,0,0,0,0.28,61,0,416,0
Tom Heaton,36,1710,19,0,0,0,0,3,0,0,0,0,0,0.16,90,0,382,0
Tom Smith,30,1141,15,0,0,0,0,3,1,0,0,0,0,0.32,76,0,334,0
Trent Alexander-Arnold,23,2467,29,0,12,0,0,3,0,0.47,0.44,0.04,2467,0.11,85,206,233,0
Troy Deeney,34,2548,32,3,5,1,0,5,1,0.49,0.18,0.32,283,0.21,80,510,57,2
Tyias Browning,28,0,0,0,0,0,0,0,0,0,0,0,0,0,0,0,-1,0
Tyreke Johnson,23,0,1,0,0,0,0,0,0,0,0,0,0,0,0,0,-1,0
Tyrone Mings,29,141,5,0,0,0,0,0,0,0,0,0,0,0,28,0,-1,0
Vicente Guaita,35,1755,20,0,0,0,0,2,0,0,0,0,0,0.1,88,0,325,0
Vicente Iborra De La Fuente,34,226,8,0,0,0,0,0,0,0,0,0,0,0,28,0,-1,0
Víctor Camarasa,28,2579,32,4,4,1,0,6,0,0.31,0.14,0.17,516,0.21,81,645,111,2
Victor Moses,31,26,2,0,0,0,0,0,0,0,0,0,0,0,13,0,-1,0
Victor Nilsson Lindelöf,28,2602,30,1,1,0,0,1,0,0.07,0.03,0.03,2602,0.03,87,2602,263,0
Victor Wanyama,31,509,13,1,0,0,0,2,0,0.18,0,0.18,509,0.35,39,0,106,0
Viktor Gyökeres,24,0,0,0,0,0,0,0,0,0,0,0,0,0,0,0,-1,0
Vincent Janssen,28,36,3,0,0,0,0,0,0,0,0,0,0,0,12,0,-1,0
Vincent Kompany,36,1223,17,1,0,0,0,6,0,0.07,0,0.07,1223,0.44,72,0,194,0
Virgil van Dijk,31,3385,38,2,2,0,0,1,0,0.16,0.05,0.11,846,0.03,89,1693,152,1
Wayne Hennessey,35,1575,18,0,0,0,0,0,0,0,0,0,0,0,88,0,321,0
Wes Morgan,38,1926,22,1,0,0,0,5,2,0.14,0,0.14,642,0.23,88,0,125,1
Wesley Hoedt,28,1170,13,0,0,0,0,2,0,0,0,0,0,0.15,90,0,374,0
Wilfredo Daniel Caballero,40,180,2,0,0,0,0,0,0,0,0,0,0,0,90,0,-1,0
Wilfried Zaha,29,3041,34,1,5,0,0,10,1,0.44,0.15,0.3,304,0.3,89,608,63,2
Will Hughes,27,2436,32,1,4,0,0,5,0,0.22,0.15,0.07,1218,0.18,76,609,199,1
Will Norris,29,0,1,0,0,0,0,0,0,0,0,0,0,0,0,0,-1,0
Willian,34,2108,32,2,6,0,0,2,0,0.38,0.26,0.13,703,0.09,66,351,132,1
Willy Boly,31,3169,36,2,0,0,0,3,1,0.11,0,0.11,792,0.11,88,0,148,2
Xherdan Shaqiri,30,1058,24,5,3,0,0,2,0,0.77,0.26,0.51,176,0.17,44,353,15,2
Yann Valery,23,1715,23,1,1,0,0,5,1,0.16,0.05,0.1,858,0.26,75,1715,162,1
Yerry Fernando Mina González,27,890,13,0,0,0,0,3,0,0.1,0,0.1,890,0.3,68,0,161,1
Yoshinori Muto,30,516,17,0,0,0,0,1,0,0.17,0,0.17,516,0.17,30,0,113,1
Youri Tielemans,25,1092,13,2,4,0,0,2,0,0.58,0.33,0.25,364,0.16,84,273,80,2
Yves Bissouma,26,1769,28,0,0,0,0,5,0,0,0,0,0,0.25,63,0,402,0
Zechariah Medley,22,0,0,0,0,0,0,0,0,0,0,0,0,0,0,0,-1,0
Zeze Steven Sessegnon,22,0,0,0,0,0,0,0,0,0,0,0,0,0,0,0,-1,0
Łukasz Fabiański,37,3420,38,0,0,0,0,0,0,0,0,0,0,0,90,0,391,0
